"coral_tag","host_species","expedition","health_status","max_colony_width"
"2013-50","Montipora aequituberculata","2013","alive",NA
"2013-111","Montipora aequituberculata","2013","alive",NA
"2013-881","Montipora aequituberculata","2013","alive",NA
"2013-883","Montipora aequituberculata","2013","alive",NA
"2013-886","Montipora aequituberculata","2013","alive",NA
"2013-1004","Montipora aequituberculata","2013","alive",NA
"2013-1005","Montipora aequituberculata","2013","alive",NA
"2013-863","Montipora aequituberculata","2013","alive",NA
"2013-869","Montipora aequituberculata","2013","alive",NA
"2013-872","Montipora aequituberculata","2013","alive",NA
"2013-875","Montipora aequituberculata","2013","alive",NA
"2013-878","Montipora aequituberculata","2013","alive",NA
"2013-284","Montipora aequituberculata","2013","alive",NA
"2013-287","Montipora aequituberculata","2013","alive",NA
"2013-290","Montipora aequituberculata","2013","alive",NA
"2013-293","Montipora aequituberculata","2013","alive",NA
"2013-296","Montipora aequituberculata","2013","alive",NA
"2013-299","Montipora aequituberculata","2013","alive",NA
"2013-128","Montipora aequituberculata","2013","alive",NA
"2013-131","Montipora aequituberculata","2013","alive",NA
"2013-134","Montipora aequituberculata","2013","alive",NA
"2013-148","Montipora aequituberculata","2013","alive",NA
"2013-150","Montipora aequituberculata","2013","alive",NA
"2013-934","Montipora aequituberculata","2013","alive",NA
"2013-65","Montipora aequituberculata","2013","alive",NA
"2013-71","Montipora aequituberculata","2013","alive",NA
"2013-74","Montipora aequituberculata","2013","alive",NA
"2013-102","Montipora aequituberculata","2013","alive",NA
"2013-60","Pocillopora grandis","2013","alive",NA
"2013-59","Pocillopora grandis","2013","alive",NA
"2013-112","Pocillopora grandis","2013","alive",NA
"2013-121","Pocillopora grandis","2013","alive",NA
"2013-849","Pocillopora grandis","2013","alive",NA
"2013-882","Pocillopora grandis","2013","alive",NA
"2013-888","Pocillopora grandis","2013","alive",NA
"2013-1006","Pocillopora grandis","2013","alive",NA
"2013-861","Pocillopora grandis","2013","alive",NA
"2013-870","Pocillopora grandis","2013","alive",NA
"2013-873","Pocillopora grandis","2013","alive",NA
"2013-876","Pocillopora grandis","2013","alive",NA
"2013-283","Pocillopora grandis","2013","alive",NA
"2013-286","Pocillopora grandis","2013","alive",NA
"2013-289","Pocillopora grandis","2013","alive",NA
"2013-298","Pocillopora grandis","2013","alive",NA
"2013-802","Pocillopora grandis","2013","alive",NA
"2013-809","Pocillopora grandis","2013","alive",NA
"2013-810","Pocillopora grandis","2013","alive",NA
"2013-129","Pocillopora grandis","2013","alive",NA
"2013-132","Pocillopora grandis","2013","alive",NA
"2013-135","Pocillopora grandis","2013","alive",NA
"2013-141","Pocillopora grandis","2013","alive",NA
"2013-144","Pocillopora grandis","2013","alive",NA
"2013-147","Pocillopora grandis","2013","alive",NA
"2013-66","Pocillopora grandis","2013","alive",NA
"2013-72","Pocillopora grandis","2013","alive",NA
"2013-75","Pocillopora grandis","2013","alive",NA
"2013-106","Pocillopora grandis","2013","alive",NA
"2013-109","Pocillopora grandis","2013","alive",NA
"2013-194","Pocillopora grandis","2013","alive",NA
"3","Pocillopora grandis","2014","alive","18.722"
"3","Pocillopora grandis","2015a","alive","22.279"
"3","Pocillopora grandis","2015b","alive","33.839"
"3","Pocillopora grandis","2015c","alive","25.265"
"3","Pocillopora grandis","2016a","dead",NA
"5b","Pocillopora grandis","2015a","alive",NA
"7","Montipora aequituberculata","2014","alive","59.009"
"9","Pocillopora grandis","2014","alive","28.633"
"10","Montipora aequituberculata","2014","alive","55.516"
"10","Montipora aequituberculata","2015a","alive","91.46"
"13","Pocillopora grandis","2014","alive","25.534"
"13","Pocillopora grandis","2015a","alive","25.73"
"13","Pocillopora grandis","2015b","alive","33.393"
"13","Pocillopora grandis","2015c","alive","28.16"
"13","Pocillopora grandis","2016a","dead",NA
"14","Montipora aequituberculata","2014","alive","33.25"
"14","Montipora aequituberculata","2015a","alive","31.966"
"20","Pocillopora grandis","2014","alive","27.532"
"20","Pocillopora grandis","2018","alive not sampled",NA
"21","Montipora aequituberculata","2014","alive",NA
"21","Montipora aequituberculata","2015c","alive","37.369"
"21","Montipora aequituberculata","2016a","dead",NA
"23","Pocillopora grandis","2014","alive","27.192"
"26","Montipora aequituberculata","2014","alive","35.3"
"26","Montipora aequituberculata","2015c","alive","43.381"
"28","Montipora aequituberculata","2014","alive","51.449"
"30","Pocillopora grandis","2014","alive","43.535"
"31","Montipora aequituberculata","2014","alive","60.638"
"31","Montipora aequituberculata","2015c","alive","61.717"
"31","Montipora aequituberculata","2016a","dead",NA
"33","Montipora aequituberculata","2014","alive","41.531"
"33","Montipora aequituberculata","2015c","alive","13.373"
"35","Montipora aequituberculata","2014","alive","29.772"
"37","Montipora aequituberculata","2014","alive","29.491"
"38","Montipora aequituberculata","2014","alive","26.654"
"39","Pocillopora grandis","2014","alive","30.319"
"41","Montipora aequituberculata","2014","alive","19.818"
"41","Montipora aequituberculata","2015a","alive","22.857"
"43","Pocillopora grandis","2014","alive","17.425"
"43","Pocillopora grandis","2015a","alive","14.711"
"44","Montipora aequituberculata","2014","alive","18.727"
"44","Montipora aequituberculata","2015a","alive","20.501"
"44","Montipora aequituberculata","2015b","alive","17.027"
"44","Montipora aequituberculata","2015c","alive","22.337"
"44","Montipora aequituberculata","2016a","dead or gone",NA
"45","Montipora aequituberculata","2014","alive","27.32"
"47","Montipora aequituberculata","2014","alive","12.029"
"50","Pocillopora grandis","2014","alive","21.541"
"50b","Pocillopora grandis","2015a","alive","31.527"
"52","Pocillopora grandis","2014","alive","27.461"
"54","Montipora aequituberculata","2014","alive","34.197"
"58","Montipora aequituberculata","2014","alive","42.94"
"60","Montipora aequituberculata","2014","alive","36.883"
"60","Montipora aequituberculata","2015a","alive","28.859"
"60","Montipora aequituberculata","2015b","alive","24.582"
"60","Montipora aequituberculata","2015c","alive","27.291"
"60","Montipora aequituberculata","2016a","dead",NA
"65","Pocillopora grandis","2014","alive","23.992"
"67","Pocillopora grandis","2014","alive","28.59"
"68","Montipora aequituberculata","2014","alive","95.836"
"71","Pocillopora grandis","2014","alive","31.563"
"73","Montipora aequituberculata","2014","alive","47.67"
"74","Pocillopora grandis","2014","alive","24.299"
"76","Montipora aequituberculata","2014","alive","27.318"
"76","Montipora aequituberculata","2015a","alive","59.626"
"76","Montipora aequituberculata","2015b","alive","24.763"
"76","Montipora aequituberculata","2015c","alive","20.427"
"76","Montipora aequituberculata","2016a","dead",NA
"78","Pocillopora grandis","2014","alive","24.603"
"82","Pocillopora grandis","2014","alive","26.08"
"83","Montipora aequituberculata","2014","alive","56.045"
"84","Pocillopora grandis","2014","alive","19.043"
"84","Pocillopora grandis","2015a","alive","30.081"
"84","Pocillopora grandis","2015b","alive","27.298"
"84","Pocillopora grandis","2015c","alive","20.296"
"84","Pocillopora grandis","2016a","dead",NA
"85","Montipora aequituberculata","2014","alive","48.369"
"85","Montipora aequituberculata","2015b","alive","43.037"
"85","Montipora aequituberculata","2015c","alive","37.363"
"85","Montipora aequituberculata","2016a","dead or gone",NA
"85","Montipora aequituberculata","2017","dead",NA
"86","Pocillopora grandis","2014","alive","25.881"
"86","Pocillopora grandis","2015b","alive","27.844"
"86","Pocillopora grandis","2015c","alive","42.672"
"86","Pocillopora grandis","2016a","dead or gone",NA
"88","Pocillopora grandis","2014","alive","17.242"
"88","Pocillopora grandis","2015a","alive","33.144"
"88","Pocillopora grandis","2015b","alive","29.8"
"88","Pocillopora grandis","2015c","alive","18.769"
"88","Pocillopora grandis","2016a","dead",NA
"94","Montipora aequituberculata","2014","alive","63.994"
"94b","Montipora aequituberculata","2015a","alive","54.773"
"94b","Montipora aequituberculata","2015c","alive","62.089"
"94b","Montipora aequituberculata","2016a","dead",NA
"98","Montipora aequituberculata","2014","alive","77.938"
"98","Montipora aequituberculata","2015a","alive","50.459"
"98","Montipora aequituberculata","2015b","alive","39.401"
"98","Montipora aequituberculata","2015c","alive","32.691"
"98","Montipora aequituberculata","2016a","dead",NA
"102","Montipora aequituberculata","2014","alive","56.141"
"102","Montipora aequituberculata","2015a","alive","43.859"
"102","Montipora aequituberculata","2015b","alive","30.983"
"102","Montipora aequituberculata","2015c","alive","39.79"
"102","Montipora aequituberculata","2016a","dead",NA
"105","Montipora aequituberculata","2014","alive","57.923"
"105","Montipora aequituberculata","2015a","alive","57.009"
"105","Montipora aequituberculata","2015b","alive","56.748"
"105","Montipora aequituberculata","2015c","alive","67.422"
"105","Montipora aequituberculata","2016a","dead",NA
"106","Pocillopora grandis","2014","alive","NA"
"106","Pocillopora grandis","2015a","alive","23.912"
"106","Pocillopora grandis","2015b","alive","41.399"
"106","Pocillopora grandis","2016a","dead",NA
"106b","Pocillopora grandis","2015c","alive","28.479"
"106b","Pocillopora grandis","2016a","dead",NA
"109","Pocillopora grandis","2014","alive","37.712"
"109","Pocillopora grandis","2015a","alive","30.117"
"109","Pocillopora grandis","2015b","alive","29.172"
"109","Pocillopora grandis","2015c","alive","39.72"
"109","Pocillopora grandis","2016a","dead",NA
"110","Montipora aequituberculata","2014","alive","58.5"
"110","Montipora aequituberculata","2015b","alive","20.918"
"110","Montipora aequituberculata","2016a","dead",NA
"110b","Montipora aequituberculata","2015c","alive","31.753"
"110b","Montipora aequituberculata","2016a","dead",NA
"116","Pocillopora grandis","2014","alive","19.824"
"116","Pocillopora grandis","2015b","alive","13.106"
"116","Pocillopora grandis","2015c","alive","21.99"
"116","Pocillopora grandis","2016a","dead",NA
"117","Montipora aequituberculata","2014","alive","38.312"
"120","Pocillopora grandis","2014","alive","13.244"
"120","Pocillopora grandis","2015b","alive","31.389"
"120","Pocillopora grandis","2015c","alive","34.336"
"120","Pocillopora grandis","2016a","dead",NA
"123","Pocillopora grandis","2014","alive","28.95"
"123","Pocillopora grandis","2015b","alive","23.579"
"123","Pocillopora grandis","2015c","alive","27.935"
"123","Pocillopora grandis","2016a","dead or gone",NA
"125","Pocillopora grandis","2014","alive","34.4"
"129","Pocillopora grandis","2014","alive","22.449"
"129","Pocillopora grandis","2015a","alive","28.828"
"129","Pocillopora grandis","2015b","alive","42.267"
"129","Pocillopora grandis","2015c","alive","23.061"
"129","Pocillopora grandis","2016a","dead or gone",NA
"132","Pocillopora grandis","2014","alive","34.012"
"132","Pocillopora grandis","2015a","alive","42.592"
"132b","Pocillopora grandis","2015b","alive","36.945"
"132b","Pocillopora grandis","2015c","alive","51.191"
"132b","Pocillopora grandis","2016a","dead",NA
"133","Montipora aequituberculata","2014","alive","33.525"
"133","Montipora aequituberculata","2015a","alive","35.953"
"133","Montipora aequituberculata","2015b","alive","43.374"
"133","Montipora aequituberculata","2015c","alive","38.548"
"133","Montipora aequituberculata","2016a","dead or gone",NA
"134","Montipora aequituberculata","2014","alive","40.912"
"134","Montipora aequituberculata","2015a","alive","35.181"
"134","Montipora aequituberculata","2015b","alive","36.201"
"134","Montipora aequituberculata","2015c","alive","39.891"
"134","Montipora aequituberculata","2016a","dead or gone",NA
"135","Pocillopora grandis","2014","alive","25.491"
"135","Pocillopora grandis","2015a","alive","28.267"
"135","Pocillopora grandis","2015b","alive","32.194"
"135","Pocillopora grandis","2015c","alive","31.702"
"135","Pocillopora grandis","2016a","dead or gone",NA
"137","Montipora aequituberculata","2014","alive","37.285"
"137","Montipora aequituberculata","2015a","alive","46.521"
"137","Montipora aequituberculata","2015b","alive","29.61"
"137","Montipora aequituberculata","2015c","alive","46.397"
"137","Montipora aequituberculata","2016a","dead or gone",NA
"139","Pocillopora grandis","2014","alive","23.155"
"139","Pocillopora grandis","2015b","alive","22.829"
"142","Pocillopora grandis","2014","alive","15.916"
"142","Pocillopora grandis","2015a","alive","24.31"
"143","Montipora aequituberculata","2014","alive","36.764"
"143","Montipora aequituberculata","2015a","alive","32.81"
"143","Montipora aequituberculata","2016a","dead",NA
"145","Pocillopora grandis","2014","alive","24.435"
"145","Pocillopora grandis","2015b","alive","24.617"
"145","Pocillopora grandis","2015c","alive","31.864"
"145","Pocillopora grandis","2016a","dead or gone",NA
"147","Montipora aequituberculata","2014","alive","48.029"
"147","Montipora aequituberculata","2015a","alive","49.306"
"147b","Montipora aequituberculata","2015b","alive","24.733"
"149","Pocillopora grandis","2014","alive","22.456"
"149","Pocillopora grandis","2015a","alive","34.117"
"149","Pocillopora grandis","2015b","alive","26.419"
"149","Pocillopora grandis","2015c","alive","34.614"
"149","Pocillopora grandis","2016a","dead",NA
"152","Pocillopora grandis","2014","alive","13.807"
"152","Pocillopora grandis","2015b","alive","30.14"
"152","Pocillopora grandis","2015c","alive","28.63"
"152","Pocillopora grandis","2016a","dead",NA
"155","Montipora aequituberculata","2014","alive","33.663"
"155b","Montipora aequituberculata","2015c","alive","29.881"
"155b","Montipora aequituberculata","2017","dead",NA
"159","Pocillopora grandis","2014","alive","33.001"
"159","Pocillopora grandis","2015c","alive","27.975"
"159","Pocillopora grandis","2017","dead","3.368"
"160","Montipora aequituberculata","2014","alive","90.384"
"162","Montipora aequituberculata","2014","alive","78.84"
"162","Montipora aequituberculata","2017","dead or gone",NA
"163","Pocillopora grandis","2014","alive","32.556"
"163","Pocillopora grandis","2015c","alive","44.67"
"163","Pocillopora grandis","2017","dead","NA"
"165","Montipora aequituberculata","2014","alive","81.778"
"166","Pocillopora grandis","2014","alive","35.233"
"166","Pocillopora grandis","2015c","alive","40.671"
"166","Pocillopora grandis","2017","dead or gone",NA
"170","Montipora aequituberculata","2014","alive","69.843"
"170","Montipora aequituberculata","2015c","alive","54.488"
"170","Montipora aequituberculata","2017","dead",NA
"171","Pocillopora grandis","2014","alive","20.589"
"171","Pocillopora grandis","2015c","alive","22.563"
"171","Pocillopora grandis","2017","dead","NA"
"174","Pocillopora grandis","2014","alive","22.131"
"174","Pocillopora grandis","2017","dead","NA"
"174b","Pocillopora grandis","2015c","alive","31.898"
"174b","Pocillopora grandis","2017","dead",NA
"175","Montipora aequituberculata","2014","alive","50.445"
"175","Montipora aequituberculata","2017","dead",NA
"178","Montipora aequituberculata","2014","alive","44.425"
"179","Pocillopora grandis","2014","alive","24.927"
"179","Pocillopora grandis","2015c","alive","23.361"
"179","Pocillopora grandis","2017","dead","NA"
"182","Montipora aequituberculata","2014","alive","68.701"
"182","Montipora aequituberculata","2017","dead",NA
"184","Pocillopora grandis","2014","alive","20.732"
"184","Pocillopora grandis","2017","dead or gone",NA
"185","Montipora aequituberculata","2014","alive","80.737"
"185","Montipora aequituberculata","2017","dead",NA
"185b","Montipora aequituberculata","2015c","alive","35.891"
"185b","Montipora aequituberculata","2017","dead",NA
"186","Pocillopora grandis","2014","alive","23.343"
"189","Pocillopora grandis","2014","alive","32.98"
"189","Pocillopora grandis","2015c","alive","40.142"
"193","Pocillopora grandis","2014","alive","29.123"
"193","Pocillopora grandis","2015c","alive","56.193"
"193","Pocillopora grandis","2016a","dead",NA
"196","Pocillopora grandis","2014","alive","30.818"
"196","Pocillopora grandis","2016a","dead",NA
"198","Montipora aequituberculata","2014","alive","22.85"
"198","Montipora aequituberculata","2015c","alive","25.413"
"198","Montipora aequituberculata","2016a","dead",NA
"201","Pocillopora grandis","2014","alive","48.848"
"201","Pocillopora grandis","2015c","alive","46.19"
"201","Pocillopora grandis","2016a","dead",NA
"204","Pocillopora grandis","2014","alive","36.883"
"209","Pocillopora grandis","2014","alive","50.21"
"209","Pocillopora grandis","2015c","alive","63.605"
"209","Pocillopora grandis","2019","dead or gone",NA
"210","Montipora aequituberculata","2014","alive","55.309"
"210","Montipora aequituberculata","2015c","alive","59.436"
"210","Montipora aequituberculata","2019","dead or gone",NA
"211","Montipora aequituberculata","2014","alive","71.238"
"211","Montipora aequituberculata","2015c","alive","43.562"
"211","Montipora aequituberculata","2019","dead or gone",NA
"215","Pocillopora grandis","2014","alive","27.839"
"215","Pocillopora grandis","2015c","alive","36.498"
"215","Pocillopora grandis","2017","dead","NA"
"216","Pocillopora grandis","2014","alive","61.169"
"216","Pocillopora grandis","2019","dead or gone",NA
"216b","Pocillopora grandis","2015c","alive",NA
"216b","Pocillopora grandis","2019","dead or gone",NA
"217","Pocillopora grandis","2014","alive","29.91"
"217","Pocillopora grandis","2019","dead","NA"
"218","Montipora aequituberculata","2014","alive","22.953"
"218","Montipora aequituberculata","2015c","alive","29.451"
"218","Montipora aequituberculata","2019","dead or gone",NA
"219","Montipora aequituberculata","2014","alive","64.278"
"219","Montipora aequituberculata","2015c","alive","40.11"
"219","Montipora aequituberculata","2019","dead or gone",NA
"220","Montipora aequituberculata","2014","alive","66.902"
"220","Montipora aequituberculata","2019","dead or gone",NA
"221","Montipora aequituberculata","2014","alive",NA
"222","Pocillopora grandis","2014","alive","39.426"
"225","Montipora aequituberculata","2014","alive","51.806"
"225","Montipora aequituberculata","2015c","alive","41.072"
"225","Montipora aequituberculata","2017","dead or gone",NA
"228","Pocillopora grandis","2014","alive","30.709"
"228","Pocillopora grandis","2015c","alive","37.887"
"228","Pocillopora grandis","2017","dead","NA"
"229","Montipora aequituberculata","2014","alive","70.912"
"229b","Montipora aequituberculata","2015c","alive","49.751"
"229b","Montipora aequituberculata","2017","dead",NA
"233","Pocillopora grandis","2014","alive","34.774"
"250","Montipora aequituberculata","2014","alive","32.499"
"251","Pocillopora grandis","2014","alive","23.471"
"252","Montipora aequituberculata","2014","alive","52.052"
"254","Pocillopora grandis","2014","alive","30.769"
"256","Montipora aequituberculata","2014","alive","79.066"
"259","Montipora aequituberculata","2014","alive","8.209"
"261","Pocillopora grandis","2014","alive","34.463"
"262","Montipora aequituberculata","2014","alive","17.953"
"265","Montipora aequituberculata","2014","alive","22.698"
"265","Montipora aequituberculata","2015a","alive","18.289"
"269","Montipora aequituberculata","2014","alive","16.329"
"275","Pocillopora grandis","2014","alive","8.477"
"275","Pocillopora grandis","2016a","dead or gone",NA
"279","Montipora aequituberculata","2014","alive","49.571"
"279","Montipora aequituberculata","2016a","dead",NA
"282","Pocillopora grandis","2014","alive","28.823"
"282","Pocillopora grandis","2016a","dead or gone",NA
"283","Montipora aequituberculata","2014","alive","39.704"
"283","Montipora aequituberculata","2016a","dead or gone",NA
"287","Pocillopora grandis","2014","alive","29.681"
"287","Pocillopora grandis","2016a","dead or gone",NA
"288","Montipora aequituberculata","2014","alive","18.956"
"288","Montipora aequituberculata","2016a","dead or gone",NA
"291","Pocillopora grandis","2014","alive","39.402"
"291","Pocillopora grandis","2016a","dead or gone",NA
"293","Montipora aequituberculata","2014","alive","25.102"
"293","Montipora aequituberculata","2016a","dead or gone",NA
"296","Pocillopora grandis","2014","alive","22.904"
"296","Pocillopora grandis","2016a","dead or gone",NA
"301","Pocillopora grandis","2014","alive","25.229"
"301","Pocillopora grandis","2016a","dead or gone",NA
"303","Pocillopora grandis","2014","alive","35.269"
"303","Pocillopora grandis","2016a","dead or gone",NA
"305","Pocillopora grandis","2014","alive","30.748"
"305","Pocillopora grandis","2016a","dead or gone",NA
"309","Pocillopora grandis","2014","alive","23.351"
"309","Pocillopora grandis","2016a","dead or gone",NA
"310","Montipora aequituberculata","2014","alive","19.058"
"310","Montipora aequituberculata","2016a","dead or gone",NA
"312","Pocillopora grandis","2014","alive","26.81"
"313","Montipora aequituberculata","2014","alive","53.739"
"316","Pocillopora grandis","2014","alive","28.393"
"319","Montipora aequituberculata","2014","alive","43.466"
"322","Pocillopora grandis","2014","alive","22.286"
"324","Montipora aequituberculata","2014","alive","59.884"
"324","Montipora aequituberculata","2015b","alive","18.188"
"324","Montipora aequituberculata","2015c","alive","28.48"
"324","Montipora aequituberculata","2016a","alive","10.466"
"324","Montipora aequituberculata","2016b","dead",NA
"326","Pocillopora grandis","2014","alive","46.21"
"329","Montipora aequituberculata","2014","alive","78.859"
"329","Montipora aequituberculata","2015b","alive","59.006"
"329","Montipora aequituberculata","2015c","alive","84.519"
"329","Montipora aequituberculata","2016a","dead",NA
"331","Pocillopora grandis","2014","alive","33.527"
"331","Pocillopora grandis","2015b","alive","30.454"
"331","Pocillopora grandis","2015c","alive","53.895"
"331","Pocillopora grandis","2016a","dead",NA
"336","Pocillopora grandis","2014","alive","24.122"
"336","Pocillopora grandis","2015b","alive","29.111"
"336","Pocillopora grandis","2015c","alive","54.716"
"336","Pocillopora grandis","2016a","dead or gone",NA
"337","Montipora aequituberculata","2014","alive","32.284"
"342","Montipora aequituberculata","2014","alive","72.026"
"345","Montipora aequituberculata","2014","alive","42.302"
"347","Pocillopora grandis","2014","alive","23.725"
"350","Montipora aequituberculata","2014","alive","41.808"
"355","Pocillopora grandis","2014","alive","25.828"
"355","Pocillopora grandis","2015b","alive","23.025"
"355","Pocillopora grandis","2015c","alive","27.516"
"356","Montipora aequituberculata","2014","alive","43.99"
"357","Montipora aequituberculata","2014","alive","37.799"
"357","Montipora aequituberculata","2015c","alive","33.144"
"357","Montipora aequituberculata","2016a","dead or gone",NA
"359","Pocillopora grandis","2014","alive","44.253"
"359","Pocillopora grandis","2015b","alive","39.849"
"359","Pocillopora grandis","2015c","alive","70.585"
"359","Pocillopora grandis","2016a","dead or gone",NA
"363","Montipora aequituberculata","2014","alive",NA
"363","Montipora aequituberculata","2015b","alive",NA
"363","Montipora aequituberculata","2015c","alive","20.18"
"363","Montipora aequituberculata","2016a","dead",NA
"365","Pocillopora grandis","2014","alive","26.59"
"365","Pocillopora grandis","2015c","alive","35.25"
"365","Pocillopora grandis","2016a","dead or gone",NA
"368","Montipora aequituberculata","2014","alive","51.942"
"372","Pocillopora grandis","2014","alive","36.485"
"375","Montipora aequituberculata","2014","alive","51.824"
"375","Montipora aequituberculata","2015c","alive","55.226"
"375","Montipora aequituberculata","2017","dead or gone",NA
"378","Pocillopora grandis","2014","alive","19.028"
"378","Pocillopora grandis","2015c","alive","20.242"
"378","Pocillopora grandis","2017","dead","NA"
"380","Montipora aequituberculata","2014","alive","38.989"
"380","Montipora aequituberculata","2015c","alive","27.995"
"384","Pocillopora grandis","2014","alive",NA
"385","Montipora aequituberculata","2014","alive",NA
"385","Montipora aequituberculata","2015a","alive","29.712"
"385","Montipora aequituberculata","2015b","alive","30.384"
"385","Montipora aequituberculata","2015c","alive","38.378"
"385","Montipora aequituberculata","2016a","dead",NA
"390","Montipora aequituberculata","2014","alive","62.048"
"390b","Montipora aequituberculata","2015c","alive","34.839"
"390b","Montipora aequituberculata","2017","dead",NA
"391","Pocillopora grandis","2014","alive","49.686"
"393","Pocillopora grandis","2014","alive",NA
"394","Montipora aequituberculata","2014","alive","51.955"
"394b","Montipora aequituberculata","2015c","alive","19.824"
"394b","Montipora aequituberculata","2017","dead",NA
"397","Pocillopora grandis","2014","alive","44.789"
"397","Pocillopora grandis","2015c","alive","22.271"
"399","Montipora aequituberculata","2014","alive","53.948"
"399","Montipora aequituberculata","2015c","alive","21.757"
"399","Montipora aequituberculata","2017","dead",NA
"403","Montipora aequituberculata","2014","alive","82.536"
"405","Pocillopora grandis","2014","alive","NA"
"405","Pocillopora grandis","2015c","alive","22.544"
"405","Pocillopora grandis","2017","dead","NA"
"409","Montipora aequituberculata","2014","alive","46.539"
"409","Montipora aequituberculata","2015c","alive","34.365"
"409","Montipora aequituberculata","2017","dead",NA
"413","Pocillopora grandis","2014","alive","27.764"
"413","Pocillopora grandis","2015c","alive","64.951"
"414","Montipora aequituberculata","2014","alive","51.679"
"414","Montipora aequituberculata","2015c","alive not sampled",NA
"414","Montipora aequituberculata","2017","dead",NA
"414b","Montipora aequituberculata","2015c","alive","56.334"
"414b","Montipora aequituberculata","2017","dead",NA
"417","Pocillopora grandis","2014","alive",NA
"418","Montipora aequituberculata","2014","alive","82.012"
"419","Pocillopora grandis","2014","alive","26.439"
"422","Pocillopora grandis","2014","alive","26.383"
"422","Pocillopora grandis","2015c","alive","41.386"
"422","Pocillopora grandis","2017","dead","NA"
"423","Montipora aequituberculata","2014","alive","64.41"
"423","Montipora aequituberculata","2015c","alive","53.557"
"423","Montipora aequituberculata","2017","dead",NA
"424","Montipora aequituberculata","2014","alive","47.078"
"424","Montipora aequituberculata","2015c","alive","37.273"
"424","Montipora aequituberculata","2017","dead",NA
"426","Pocillopora grandis","2014","alive","26.493"
"427","Pocillopora grandis","2014","alive","25.445"
"427","Pocillopora grandis","2015b","alive","34.781"
"427","Pocillopora grandis","2015c","alive","38.012"
"427","Pocillopora grandis","2016a","dead",NA
"428","Montipora aequituberculata","2014","alive","32.081"
"428","Montipora aequituberculata","2015b","alive","49.739"
"428","Montipora aequituberculata","2015c","alive","53.048"
"428","Montipora aequituberculata","2016a","dead or gone",NA
"432","Pocillopora grandis","2014","alive","27.451"
"432","Pocillopora grandis","2016a","dead or gone",NA
"436","Pocillopora grandis","2014","alive","31.472"
"436","Pocillopora grandis","2015b","alive","39.236"
"437","Montipora aequituberculata","2014","alive","51.169"
"437","Montipora aequituberculata","2015b","alive","42.65"
"437","Montipora aequituberculata","2015c","alive","50.807"
"437","Montipora aequituberculata","2016a","dead",NA
"440","Pocillopora grandis","2014","alive","35.429"
"440","Pocillopora grandis","2015b","alive","46.927"
"440","Pocillopora grandis","2015c","alive","50.524"
"440","Pocillopora grandis","2016a","dead",NA
"443","Montipora aequituberculata","2014","alive","36.596"
"443","Montipora aequituberculata","2015b","alive","36.631"
"443","Montipora aequituberculata","2015c","alive","34.514"
"443","Montipora aequituberculata","2016a","dead",NA
"446","Montipora aequituberculata","2014","alive","58.28"
"446","Montipora aequituberculata","2015b","alive","46.405"
"446","Montipora aequituberculata","2015c","alive","29.064"
"446","Montipora aequituberculata","2016a","dead",NA
"448","Montipora aequituberculata","2014","alive","29.922"
"448","Montipora aequituberculata","2015a","alive","23.728"
"450","Pocillopora grandis","2014","alive","32.109"
"452","Pocillopora grandis","2014","alive","24.133"
"453b","Pocillopora grandis","2015a","alive","21.621"
"456","Montipora aequituberculata","2014","alive","43.534"
"456","Montipora aequituberculata","2015a","alive","37.047"
"456","Montipora aequituberculata","2015b","alive","44.943"
"460","Pocillopora grandis","2014","alive","21.872"
"463","Pocillopora grandis","2014","alive","17.872"
"468","Pocillopora grandis","2014","alive","21.427"
"468","Pocillopora grandis","2015a","alive","16.423"
"469","Pocillopora grandis","2014","alive","25.625"
"469","Pocillopora grandis","2015a","alive","35.265"
"469","Pocillopora grandis","2015b","alive","19.222"
"475","Montipora aequituberculata","2014","alive","48.177"
"477","Pocillopora grandis","2014","alive","20.44"
"477","Pocillopora grandis","2015a","alive not sampled",NA
"477","Pocillopora grandis","2015b","alive not sampled",NA
"477","Pocillopora grandis","2015c","alive not sampled","26.679"
"477","Pocillopora grandis","2016a","dead",NA
"477b","Pocillopora grandis","2015a","alive","18.59"
"477b","Pocillopora grandis","2015b","alive","15.121"
"477b","Pocillopora grandis","2015c","alive","32.303"
"477b","Pocillopora grandis","2016a","dead",NA
"480","Montipora aequituberculata","2014","alive","52.578"
"481","Pocillopora grandis","2014","alive","28.441"
"481","Pocillopora grandis","2015b","alive","26.795"
"484","Montipora aequituberculata","2014","alive","27.225"
"485","Pocillopora grandis","2014","alive","32.3"
"490","Montipora aequituberculata","2014","alive","32.711"
"490","Montipora aequituberculata","2015b","alive","29.813"
"490","Montipora aequituberculata","2015c","alive","39.591"
"490","Montipora aequituberculata","2016a","dead",NA
"494","Pocillopora grandis","2014","alive","35.39"
"494","Pocillopora grandis","2016a","dead",NA
"496","Montipora aequituberculata","2014","alive","75.505"
"496","Montipora aequituberculata","2015b","alive","26.739"
"496","Montipora aequituberculata","2015c","alive","40.265"
"496","Montipora aequituberculata","2016a","dead",NA
"498","Pocillopora grandis","2014","alive","43.369"
"498","Pocillopora grandis","2015b","alive","26.044"
"498","Pocillopora grandis","2015c","alive","28.012"
"498","Pocillopora grandis","2016a","dead",NA
"501","Montipora aequituberculata","2014","alive","33.099"
"501","Montipora aequituberculata","2015b","alive","29.967"
"501","Montipora aequituberculata","2015c","alive","16.733"
"501","Montipora aequituberculata","2016a","dead",NA
"503","Pocillopora grandis","2014","alive","52.238"
"503","Pocillopora grandis","2016a","dead or gone",NA
"505","Pocillopora grandis","2014","alive","29.396"
"505","Pocillopora grandis","2016a","dead or gone",NA
"506","Montipora aequituberculata","2014","alive","43"
"506","Montipora aequituberculata","2016a","dead or gone",NA
"508","Montipora aequituberculata","2014","alive","35.631"
"508","Montipora aequituberculata","2016a","dead or gone",NA
"509","Pocillopora grandis","2014","alive","32.957"
"509","Pocillopora grandis","2016a","dead or gone",NA
"510","Montipora aequituberculata","2014","alive","65.596"
"510","Montipora aequituberculata","2016a","dead or gone",NA
"512","Montipora aequituberculata","2014","alive","26.089"
"512","Montipora aequituberculata","2016a","dead or gone",NA
"514","Montipora aequituberculata","2014","alive","35.486"
"514","Montipora aequituberculata","2016a","dead or gone",NA
"516","Montipora aequituberculata","2014","alive","55.329"
"516","Montipora aequituberculata","2016a","dead or gone",NA
"517","Montipora aequituberculata","2014","alive","75.278"
"517","Montipora aequituberculata","2016a","dead or gone",NA
"518","Montipora aequituberculata","2014","alive","68.488"
"574","Montipora aequituberculata","2015a","alive","33.495"
"574","Montipora aequituberculata","2015b","alive","22.333"
"574","Montipora aequituberculata","2016a","dead or gone",NA
"576","Montipora aequituberculata","2015a","alive","37.423"
"576","Montipora aequituberculata","2015c","alive","40.209"
"576","Montipora aequituberculata","2016a","dead",NA
"579","Pocillopora grandis","2015a","alive","19.019"
"579","Pocillopora grandis","2015b","alive","19.258"
"579","Pocillopora grandis","2015c","alive","28.15"
"579","Pocillopora grandis","2016a","dead",NA
"582","Pocillopora grandis","2015a","alive","13.375"
"582b","Pocillopora grandis","2015b","alive","36.993"
"582b","Pocillopora grandis","2015c","alive","27.327"
"582b","Pocillopora grandis","2016a","dead",NA
"584","Montipora aequituberculata","2015a","alive","61.314"
"584","Montipora aequituberculata","2015b","alive","63.423"
"584","Montipora aequituberculata","2015c","alive","59.351"
"584","Montipora aequituberculata","2016a","dead",NA
"586","Pocillopora grandis","2015a","alive","38.008"
"586","Pocillopora grandis","2015c","alive","46.735"
"586","Pocillopora grandis","2016a","dead or gone",NA
"589","Pocillopora grandis","2015a","alive","29.545"
"589","Pocillopora grandis","2015b","alive","23.579"
"589","Pocillopora grandis","2015c","alive","29.417"
"589","Pocillopora grandis","2016a","dead",NA
"593","Montipora aequituberculata","2015a","alive","52.038"
"593","Montipora aequituberculata","2015b","alive","56.037"
"593","Montipora aequituberculata","2015c","alive","45.9"
"593","Montipora aequituberculata","2016a","dead",NA
"598","Montipora aequituberculata","2015a","alive","98.301"
"598","Montipora aequituberculata","2015b","alive","76.644"
"598","Montipora aequituberculata","2015c","alive","63.215"
"598","Montipora aequituberculata","2016a","dead",NA
"599","Pocillopora grandis","2015a","alive","16.984"
"599","Pocillopora grandis","2015b","alive","23.075"
"599","Pocillopora grandis","2015c","alive","25.113"
"599","Pocillopora grandis","2016a","dead",NA
"602","Montipora aequituberculata","2015a","alive","51.272"
"602","Montipora aequituberculata","2015c","alive","53.779"
"602","Montipora aequituberculata","2016a","dead",NA
"603","Pocillopora grandis","2015a","alive","8.49"
"603","Pocillopora grandis","2015c","alive","25.306"
"603","Pocillopora grandis","2016a","dead",NA
"606","Pocillopora grandis","2015a","alive","30.199"
"606","Pocillopora grandis","2015c","alive","22.141"
"606","Pocillopora grandis","2016a","dead",NA
"609","Montipora aequituberculata","2015a","alive","74.286"
"609","Montipora aequituberculata","2016a","dead or gone",NA
"611","Pocillopora grandis","2015a","alive","33.157"
"611","Pocillopora grandis","2015c","alive","35.179"
"611","Pocillopora grandis","2016a","dead",NA
"613","Montipora aequituberculata","2015a","alive","37.888"
"613","Montipora aequituberculata","2015c","alive","29.146"
"613","Montipora aequituberculata","2016a","dead",NA
"616","Montipora aequituberculata","2015a","alive","52.376"
"617","Pocillopora grandis","2015a","alive","22.034"
"617","Pocillopora grandis","2015c","alive","34.921"
"617","Pocillopora grandis","2016a","dead",NA
"621","Montipora aequituberculata","2015a","alive","70.348"
"621","Montipora aequituberculata","2015c","alive","60.553"
"621","Montipora aequituberculata","2016a","dead",NA
"622","Pocillopora grandis","2015a","alive","26.975"
"622","Pocillopora grandis","2015c","alive","42.707"
"622","Pocillopora grandis","2016a","dead or gone",NA
"625","Montipora aequituberculata","2015a","alive","90.494"
"625","Montipora aequituberculata","2015c","alive","80.911"
"625","Montipora aequituberculata","2016a","dead",NA
"626","Pocillopora grandis","2015a","alive","21.663"
"626","Pocillopora grandis","2015c","alive","19.88"
"626","Pocillopora grandis","2016a","dead or gone",NA
"629","Montipora aequituberculata","2015a","alive","96.371"
"629","Montipora aequituberculata","2015c","alive","93.798"
"629","Montipora aequituberculata","2016a","dead",NA
"632","Pocillopora grandis","2015a","alive","26.519"
"632","Pocillopora grandis","2016a","dead",NA
"634","Montipora aequituberculata","2015a","alive","34.031"
"634","Montipora aequituberculata","2015b","alive","23.024"
"634","Montipora aequituberculata","2015c","alive","19.858"
"634","Montipora aequituberculata","2016a","dead",NA
"636","Pocillopora grandis","2015a","alive","23.371"
"636","Pocillopora grandis","2015b","alive","27.069"
"649","Montipora aequituberculata","2015b","alive","33.699"
"649","Montipora aequituberculata","2015c","alive","38.777"
"649","Montipora aequituberculata","2016b","dead",NA
"651","Pocillopora grandis","2015b","alive","22.498"
"651","Pocillopora grandis","2015c","alive","24.835"
"651","Pocillopora grandis","2016b","dead",NA
"653","Montipora aequituberculata","2015b","alive","33.19"
"653","Montipora aequituberculata","2015c","alive","25.902"
"653","Montipora aequituberculata","2016b","dead",NA
"654","Pocillopora grandis","2015b","alive","18.034"
"654","Pocillopora grandis","2015c","alive",NA
"654","Pocillopora grandis","2016b","dead or gone",NA
"655","Pocillopora grandis","2015b","alive","22.388"
"655","Pocillopora grandis","2015c","alive","22.093"
"655","Pocillopora grandis","2016b","dead",NA
"657","Montipora aequituberculata","2015b","alive","40.834"
"657","Montipora aequituberculata","2015c","alive","26.799"
"657","Montipora aequituberculata","2016b","dead or gone",NA
"660","Pocillopora grandis","2015b","alive","26.542"
"660","Pocillopora grandis","2015c","alive","23.422"
"660","Pocillopora grandis","2016b","dead",NA
"661","Montipora aequituberculata","2015b","alive",NA
"661","Montipora aequituberculata","2015c","alive","30.49"
"661","Montipora aequituberculata","2016b","dead",NA
"663","Pocillopora grandis","2015b","alive","25.45"
"663","Pocillopora grandis","2015c","alive","31.675"
"663","Pocillopora grandis","2016b","dead",NA
"665","Montipora aequituberculata","2015b","alive","71.815"
"665","Montipora aequituberculata","2015c","alive","64.453"
"665","Montipora aequituberculata","2016b","dead or gone",NA
"667","Pocillopora grandis","2015b","alive","21.589"
"667","Pocillopora grandis","2015c","alive","21.204"
"667","Pocillopora grandis","2016b","dead or gone",NA
"671","Montipora aequituberculata","2015b","alive","26.18"
"671","Montipora aequituberculata","2015c","alive not sampled",NA
"671","Montipora aequituberculata","2016b","dead",NA
"671b","Montipora aequituberculata","2015c","alive","31.762"
"671b","Montipora aequituberculata","2016b","dead",NA
"672","Pocillopora grandis","2015b","alive","27.384"
"672","Pocillopora grandis","2015c","alive","28.458"
"672","Pocillopora grandis","2016b","dead",NA
"673","Montipora aequituberculata","2015b","alive","64.254"
"673","Montipora aequituberculata","2015c","alive","39.576"
"673","Montipora aequituberculata","2016b","dead or gone",NA
"674","Pocillopora grandis","2015b","alive","35.286"
"674","Pocillopora grandis","2015c","alive","39.953"
"674","Pocillopora grandis","2016b","dead or gone",NA
"678","Montipora aequituberculata","2015b","alive","55.887"
"678","Montipora aequituberculata","2015c","alive","45.537"
"678","Montipora aequituberculata","2016b","dead or gone",NA
"679","Pocillopora grandis","2015b","alive","31.493"
"679","Pocillopora grandis","2015c","alive","32.128"
"679","Pocillopora grandis","2016b","dead or gone",NA
"680","Montipora aequituberculata","2015b","alive","75.995"
"680","Montipora aequituberculata","2015c","alive","32.97"
"680","Montipora aequituberculata","2016b","dead or gone",NA
"684","Montipora aequituberculata","2015b","alive","31.118"
"684","Montipora aequituberculata","2015c","alive",NA
"684","Montipora aequituberculata","2016a","dead or gone",NA
"688","Pocillopora grandis","2015b","alive","17.876"
"688","Pocillopora grandis","2015c","alive","22.145"
"688","Pocillopora grandis","2016a","dead or gone",NA
"697","Montipora aequituberculata","2015b","alive","24.55"
"697","Montipora aequituberculata","2015c","alive","26.327"
"697","Montipora aequituberculata","2016a","dead",NA
"698","Montipora aequituberculata","2015b","alive","38.638"
"698","Montipora aequituberculata","2015c","alive","47.719"
"698","Montipora aequituberculata","2016a","dead",NA
"718","Pocillopora grandis","2015b","alive","24.627"
"718","Pocillopora grandis","2015c","alive","18.857"
"718","Pocillopora grandis","2016a","dead",NA
"721","Montipora aequituberculata","2015b","alive","24.525"
"721","Montipora aequituberculata","2015c","alive","21.924"
"721","Montipora aequituberculata","2016a","dead or gone",NA
"730","Montipora aequituberculata","2015b","alive","26.315"
"730","Montipora aequituberculata","2015c","alive","21.289"
"730","Montipora aequituberculata","2016a","dead",NA
"731","Pocillopora grandis","2015b","alive","24.32"
"731","Pocillopora grandis","2015c","alive","30.002"
"731","Pocillopora grandis","2016a","dead or gone",NA
"732","Montipora aequituberculata","2015b","alive","23.576"
"732","Montipora aequituberculata","2015c","alive",NA
"732","Montipora aequituberculata","2016a","dead or gone",NA
"733","Montipora aequituberculata","2015b","alive","26.247"
"733","Montipora aequituberculata","2015c","alive",NA
"733","Montipora aequituberculata","2016a","dead or gone",NA
"737","Montipora aequituberculata","2015b","alive","21.873"
"737","Montipora aequituberculata","2015c","alive","33.054"
"737","Montipora aequituberculata","2016a","dead",NA
"739","Pocillopora grandis","2015b","alive","24.413"
"744","Montipora aequituberculata","2015b","alive","36.391"
"744","Montipora aequituberculata","2015c","alive","26.505"
"744","Montipora aequituberculata","2016a","dead",NA
"747","Pocillopora grandis","2015b","alive","19.328"
"747","Pocillopora grandis","2015c","alive","23.299"
"747","Pocillopora grandis","2016a","dead",NA
"748","Montipora aequituberculata","2015b","alive","33.619"
"748","Montipora aequituberculata","2015c","alive","37.639"
"748","Montipora aequituberculata","2016a","dead",NA
"750","Pocillopora grandis","2015b","alive","22.669"
"750","Pocillopora grandis","2015c","alive","25.8"
"750","Pocillopora grandis","2016a","dead",NA
"751","Montipora aequituberculata","2015b","alive","21.372"
"751","Montipora aequituberculata","2015c","alive","23.632"
"751","Montipora aequituberculata","2016a","dead",NA
"755","Montipora aequituberculata","2015b","alive","26.133"
"755","Montipora aequituberculata","2015c","alive","31.26"
"755","Montipora aequituberculata","2016a","dead",NA
"756","Pocillopora grandis","2015b","alive","22.884"
"756","Pocillopora grandis","2015c","alive","30.116"
"756","Pocillopora grandis","2016a","dead",NA
"757","Pocillopora grandis","2015b","alive","27.204"
"757","Pocillopora grandis","2015c","alive","27.651"
"757","Pocillopora grandis","2016b","dead or gone",NA
"759","Pocillopora grandis","2015b","alive","18.227"
"759","Pocillopora grandis","2015c","alive","29.393"
"759","Pocillopora grandis","2016a","dead",NA
"760","Montipora aequituberculata","2015b","alive","31.027"
"760","Montipora aequituberculata","2015c","alive","37.431"
"760","Montipora aequituberculata","2016a","dead",NA
"761","Montipora aequituberculata","2015b","alive","22.867"
"761","Montipora aequituberculata","2015c","alive",NA
"761","Montipora aequituberculata","2016a","alive","26.847"
"761","Montipora aequituberculata","2016b","dead or gone",NA
"763","Montipora aequituberculata","2015b","alive","19.262"
"763","Montipora aequituberculata","2015c","alive","30.538"
"763","Montipora aequituberculata","2016a","dead",NA
"765","Pocillopora grandis","2015b","alive","24.645"
"765","Pocillopora grandis","2015c","alive","29.64"
"765","Pocillopora grandis","2016a","dead",NA
"775","Montipora aequituberculata","2015b","alive","50.622"
"778","Pocillopora grandis","2015b","alive","24.269"
"778","Pocillopora grandis","2015c","alive","26.781"
"778","Pocillopora grandis","2016a","dead",NA
"780","Montipora aequituberculata","2015b","alive","55.585"
"780","Montipora aequituberculata","2015c","alive","52.007"
"780","Montipora aequituberculata","2016a","dead or gone",NA
"784","Montipora aequituberculata","2015b","alive","18.163"
"784","Montipora aequituberculata","2015c","alive","38.522"
"784","Montipora aequituberculata","2016a","alive","22.457"
"784","Montipora aequituberculata","2016b","dead",NA
"785","Pocillopora grandis","2015b","alive","32.042"
"785","Pocillopora grandis","2015c","alive","34.236"
"785","Pocillopora grandis","2016a","dead",NA
"789","Montipora aequituberculata","2015b","alive",NA
"789","Montipora aequituberculata","2015c","alive","67.177"
"791","Pocillopora grandis","2015b","alive","35.433"
"791","Pocillopora grandis","2015c","alive","59.762"
"791","Pocillopora grandis","2016a","dead",NA
"795","Montipora aequituberculata","2015b","alive","32.121"
"795","Montipora aequituberculata","2015c","alive","38.151"
"795","Montipora aequituberculata","2016a","dead",NA
"796","Pocillopora grandis","2015b","alive","24.9"
"796","Pocillopora grandis","2015c","alive","32.302"
"796","Pocillopora grandis","2016a","dead",NA
"799","Pocillopora grandis","2015b","alive","33.978"
"799","Pocillopora grandis","2015c","alive","31.428"
"799","Pocillopora grandis","2016a","dead",NA
"802","Montipora aequituberculata","2015b","alive","52.01"
"802","Montipora aequituberculata","2015c","alive","54.594"
"802","Montipora aequituberculata","2016a","dead or gone",NA
"803","Pocillopora grandis","2015b","alive","32.158"
"803","Pocillopora grandis","2015c","alive","49.464"
"803","Pocillopora grandis","2016a","dead",NA
"808","Montipora aequituberculata","2015b","alive","31.457"
"808","Montipora aequituberculata","2016a","dead or gone",NA
"809","Pocillopora grandis","2015b","alive","41.746"
"809","Pocillopora grandis","2015c","alive","44.06"
"809","Pocillopora grandis","2016a","dead or gone",NA
"811","Montipora aequituberculata","2015b","alive","63.762"
"811","Montipora aequituberculata","2015c","alive","71.574"
"811","Montipora aequituberculata","2016a","dead",NA
"814","Pocillopora grandis","2015b","alive","36.195"
"814","Pocillopora grandis","2015c","alive","35.153"
"814","Pocillopora grandis","2016a","dead",NA
"815","Montipora aequituberculata","2015b","alive","40.356"
"815","Montipora aequituberculata","2015c","alive","63.245"
"815","Montipora aequituberculata","2016a","dead",NA
"819","Pocillopora grandis","2015b","alive","30.74"
"819","Pocillopora grandis","2015c","alive","39.114"
"819","Pocillopora grandis","2016a","dead",NA
"822","Montipora aequituberculata","2015b","alive","56.511"
"822","Montipora aequituberculata","2015c","alive","73.268"
"822","Montipora aequituberculata","2016a","dead",NA
"823","Pocillopora grandis","2015b","alive","24.658"
"823","Pocillopora grandis","2015c","alive","24.881"
"823","Pocillopora grandis","2016a","dead or gone",NA
"825","Pocillopora grandis","2015b","alive","30.868"
"825","Pocillopora grandis","2015c","alive","34.673"
"825","Pocillopora grandis","2016a","dead",NA
"828","Montipora aequituberculata","2015b","alive","32.331"
"828","Montipora aequituberculata","2016a","dead",NA
"828b","Montipora aequituberculata","2015c","alive","67.334"
"828b","Montipora aequituberculata","2016a","dead",NA
"830","Pocillopora grandis","2015b","alive","38.476"
"830","Pocillopora grandis","2015c","alive","43.298"
"832","Montipora aequituberculata","2015b","alive","42.169"
"832","Montipora aequituberculata","2015c","alive","50.988"
"832","Montipora aequituberculata","2016a","dead",NA
"833","Pocillopora grandis","2015b","alive","30.632"
"833","Pocillopora grandis","2015c","alive","29.883"
"833","Pocillopora grandis","2016a","dead",NA
"835","Montipora aequituberculata","2015b","alive","68.566"
"835","Montipora aequituberculata","2015c","alive","66.271"
"835","Montipora aequituberculata","2016a","dead",NA
"836","Pocillopora grandis","2015b","alive","33.204"
"836","Pocillopora grandis","2015c","alive","51.762"
"836","Pocillopora grandis","2016a","dead",NA
"838","Montipora aequituberculata","2015b","alive","101.528"
"838","Montipora aequituberculata","2015c","alive","71.452"
"838","Montipora aequituberculata","2016a","dead",NA
"840","Montipora aequituberculata","2015b","alive","56.824"
"840","Montipora aequituberculata","2015c","alive","73.885"
"840","Montipora aequituberculata","2016a","dead",NA
"841","Montipora aequituberculata","2015b","alive","42.938"
"843","Pocillopora grandis","2015b","alive","38.762"
"843","Pocillopora grandis","2015c","alive","55.826"
"843","Pocillopora grandis","2016a","dead",NA
"848","Pocillopora grandis","2015b","alive","25.376"
"848","Pocillopora grandis","2015c","alive","27.405"
"848","Pocillopora grandis","2016a","dead",NA
"849","Montipora aequituberculata","2015b","alive",NA
"849","Montipora aequituberculata","2015c","alive","51.223"
"849","Montipora aequituberculata","2016a","dead",NA
"852","Pocillopora grandis","2015b","alive","27.084"
"852","Pocillopora grandis","2015c","alive","34.805"
"852","Pocillopora grandis","2016a","dead",NA
"852","Pocillopora grandis","2016b","dead",NA
"855","Montipora aequituberculata","2015b","alive","39.082"
"855","Montipora aequituberculata","2015c","alive","55.575"
"855","Montipora aequituberculata","2016a","dead or gone",NA
"858","Pocillopora grandis","2015b","alive","24.818"
"858","Pocillopora grandis","2016a","dead or gone",NA
"861","Pocillopora grandis","2015c","alive","21.773"
"861","Pocillopora grandis","2016b","dead or gone",NA
"866","Pocillopora grandis","2015c","alive","22.968"
"866","Pocillopora grandis","2016b","dead or gone",NA
"868","Pocillopora grandis","2015c","alive","21.061"
"868","Pocillopora grandis","2016b","dead or gone",NA
"881","Pocillopora grandis","2015c","alive","30.855"
"881","Pocillopora grandis","2016a","dead",NA
"882","Pocillopora grandis","2015c","alive","30.15"
"882","Pocillopora grandis","2016a","dead",NA
"885","Pocillopora grandis","2015c","alive","33.87"
"885","Pocillopora grandis","2016a","dead or gone",NA
"887","Pocillopora grandis","2015c","alive","26.627"
"887","Pocillopora grandis","2016a","dead",NA
"889","Pocillopora grandis","2015c","alive","23.537"
"889","Pocillopora grandis","2016a","dead",NA
"890","Pocillopora grandis","2015c","alive","25.093"
"890","Pocillopora grandis","2016a","dead or gone",NA
"898","Montipora aequituberculata","2016a","alive","15.064"
"898","Montipora aequituberculata","2016b","dead or gone",NA
"912","Montipora aequituberculata","2016a","alive","31.929"
"912","Montipora aequituberculata","2017","dead or gone",NA
"944","Montipora aequituberculata","2016a","alive","25.179"
"944","Montipora aequituberculata","2016b","dead",NA
"945","Montipora aequituberculata","2016a","alive","45.665"
"945","Montipora aequituberculata","2016b","dead",NA
"948","Montipora aequituberculata","2016a","alive","20.993"
"950","Montipora aequituberculata","2016a","alive","48.791"
"950","Montipora aequituberculata","2016b","dead",NA
"997","Pocillopora grandis","2016a","alive","29.985"
"997","Pocillopora grandis","2016b","alive","14.776"
"997","Pocillopora grandis","2017","alive","19.216"
"997","Pocillopora grandis","2018","alive","25.755"
"997","Pocillopora grandis","2019","alive","26.289"
"997","Pocillopora grandis","2023b","dead or gone",NA
"1185","Pocillopora grandis","2017","alive","20.052"
"1185","Pocillopora grandis","2019","dead or gone",NA
"1188","Pocillopora grandis","2017","alive",NA
"1188","Pocillopora grandis","2018","dead or gone",NA
"1225","Pocillopora grandis","2019","alive","31.101"
"1235","Pocillopora grandis","2017","alive","18.883"
"1235","Pocillopora grandis","2018","alive","24.908"
"1291","Pocillopora grandis","2018","alive","13.462"
"1307","Pocillopora grandis","2018","alive","17.044"
"1307","Pocillopora grandis","2019","alive","18.519"
"1318","Pocillopora grandis","2018","alive","31.744"
"1318","Pocillopora grandis","2019","alive","26.647"
"1318","Pocillopora grandis","2023b","dead or gone",NA
"1347","Pocillopora grandis","2019","alive","27.515"
"1357","Pocillopora grandis","2023b","alive",NA
"1362","Pocillopora grandis","2019","alive","26.372"
"1363","Pocillopora grandis","2019","alive","29.444"
"1367","Pocillopora grandis","2019","alive","23.906"
"1368","Pocillopora grandis","2019","alive","23.239"
"1386","Montipora aequituberculata","2019","alive",NA
"1388","Pocillopora grandis","2019","alive","32.691"
"1389","Pocillopora grandis","2019","alive","34.631"
"1392","Pocillopora grandis","2023b","alive","24.027"
"1396","Pocillopora grandis","2023b","alive","34.671"
"1404","Pocillopora grandis","2023b","alive","29.91"
"1413","Pocillopora grandis","2023b","alive","28.816"
"1417","Pocillopora grandis","2023b","alive","33.894"
"1429","Pocillopora grandis","2019","alive",NA
"1442","Pocillopora grandis","2023b","alive","28.951"
"1448","Pocillopora grandis","2023b","alive","24.476"
"1464","Pocillopora grandis","2023b","alive","23.573"
"1468","Pocillopora grandis","2023b","alive","27.409"
"1473","Pocillopora grandis","2023b","alive","22.558"
"1480","Pocillopora grandis","2023b","alive","31.033"
"1485","Pocillopora grandis","2023b","alive","19.638"
"1487","Pocillopora grandis","2023b","alive","27.951"
"1500","Pocillopora grandis","2023b","alive","29.594"
"1515","Pocillopora grandis","2023b","alive","28.72"
"1517","Pocillopora grandis","2023b","alive","46.747"
"1525","Pocillopora grandis","2023b","alive","24.394"
"1549","Pocillopora grandis","2023b","alive","24.772"
"1556","Pocillopora grandis","2023b","alive","57.827"
"1557","Pocillopora grandis","2023b","alive","28.432"
"1559","Pocillopora grandis","2023b","alive","63.378"
"1560","Pocillopora grandis","2023b","alive","29.888"
"1562","Pocillopora grandis","2023b","alive","22.056"
"1569","Pocillopora grandis","2023b","alive","17.535"
"1570","Pocillopora grandis","2023b","alive","24.34"
"1571","Pocillopora grandis","2023b","alive","22.564"
"1572","Pocillopora grandis","2023b","alive","45.995"
"1575","Pocillopora grandis","2023b","alive","22.985"
"1578","Pocillopora grandis","2023b","alive","26.341"
"1583","Pocillopora grandis","2023b","alive","27.154"
"1593","Pocillopora grandis","2023b","alive","21.017"
"1594","Pocillopora grandis","2023b","alive","23.065"
"1597","Pocillopora grandis","2023b","alive","20.684"
"1599","Pocillopora grandis","2023b","alive","23.28"
"1609","Pocillopora grandis","2023b","alive","63.757"
"1613","Pocillopora grandis","2023b","alive","30.087"
"1618","Pocillopora grandis","2023b","alive","24.749"
"1640","Pocillopora grandis","2023b","alive","25.464"
"1647","Pocillopora grandis","2023b","alive","23.2"
"1649","Pocillopora grandis","2023b","alive","19.504"
"1661","Pocillopora grandis","2023b","alive","45.228"
"1674","Pocillopora grandis","2023b","alive","28.076"
"1677","Pocillopora grandis","2023b","alive","24.385"
"1681","Pocillopora grandis","2023b","alive","28.513"
"1691","Pocillopora grandis","2023b","alive","24.661"
"1695","Pocillopora grandis","2023b","alive","29.454"
"1718","Pocillopora grandis","2023b","alive","23.162"
"1720","Pocillopora grandis","2023b","alive","41.463"
"1724","Pocillopora grandis","2023b","alive","27.155"
"1735","Pocillopora grandis","2023b","alive","26.736"
"1751","Pocillopora grandis","2023b","alive","25.371"
"1757","Pocillopora grandis","2023b","alive","24.189"
"1769","Pocillopora grandis","2023b","alive","16.669"
"1789","Pocillopora grandis","2023b","alive","26.267"
"1792","Pocillopora grandis","2023b","alive","19.105"
"1798","Pocillopora grandis","2023b","alive","20.881"
"1802","Pocillopora grandis","2023b","alive","22.424"
"1810","Pocillopora grandis","2023b","alive","20.696"
"1812","Pocillopora grandis","2023b","alive","32.554"
"1814","Pocillopora grandis","2023b","alive","21.377"
"1819","Pocillopora grandis","2023b","alive","17.756"
"1825","Pocillopora grandis","2023b","alive","21.551"
"1831","Pocillopora grandis","2023b","alive","26.099"
"1837","Pocillopora grandis","2023b","alive","22.555"
"1841","Pocillopora grandis","2023b","alive","28.457"
"1848","Pocillopora grandis","2023b","alive","23.306"
"1851","Pocillopora grandis","2023b","alive","45.272"
"1863","Pocillopora grandis","2023b","alive","32.249"
"1873","Pocillopora grandis","2023b","alive","20.125"
"1875","Pocillopora grandis","2023b","alive","22.982"
"1882","Pocillopora grandis","2023b","alive","23.608"
"1891","Pocillopora grandis","2023b","alive","23.457"
"1892","Pocillopora grandis","2023b","alive","39.858"
"1894","Pocillopora grandis","2023b","alive","19.963"
"1907","Pocillopora grandis","2023b","alive","27.332"
"1946","Pocillopora grandis","2023b","alive","23.361"
"1959","Pocillopora grandis","2023b","alive","33.245"
"1960","Pocillopora grandis","2023b","alive","25.848"
"1989","Pocillopora grandis","2023b","alive","23.604"
"2006","Pocillopora grandis","2023b","alive","22.805"
"2020","Pocillopora grandis","2023b","alive","26.542"
"2023","Pocillopora grandis","2023b","alive","24.157"
"2030","Pocillopora grandis","2023b","alive",NA
"2033","Pocillopora grandis","2023b","alive","24.514"
"2037","Pocillopora grandis","2023b","alive","31.141"
"2040","Pocillopora grandis","2023b","alive","29.711"
"2049","Pocillopora grandis","2023b","alive","23.549"
"2067","Pocillopora grandis","2023b","alive","25.454"
"2070","Pocillopora grandis","2023b","alive",NA
"2075","Pocillopora grandis","2023b","alive","32.125"
"2079","Pocillopora grandis","2023b","alive","31.74"
"2094","Pocillopora grandis","2023b","alive","16.036"
"2098","Pocillopora grandis","2023b","alive","29.989"
"2099","Pocillopora grandis","2023b","alive","29.312"
"2112","Pocillopora grandis","2023b","alive","24.862"
"2118","Pocillopora grandis","2023b","alive","30.459"
"2152","Pocillopora grandis","2023b","alive","22.569"
"2155","Pocillopora grandis","2023b","alive","28.209"
"2162","Pocillopora grandis","2023b","alive","43.864"
"2163","Pocillopora grandis","2023b","alive","28.793"
"2172","Pocillopora grandis","2023b","alive","35.311"
"2177","Pocillopora grandis","2023b","alive","30.918"
"2195","Pocillopora grandis","2023b","alive","27.978"
"2196","Montipora aequituberculata","2023b","alive","22.775"
"2198","Pocillopora grandis","2023b","alive","23.511"
"2199","Montipora aequituberculata","2023b","alive","25.376"
"2204","Pocillopora grandis","2023b","alive","20.892"
"2207","Pocillopora grandis","2023b","alive","34.192"
